text,label
"Government announces a new national education policy for schools",REAL
"Scientists publish a study about climate change and temperature trends",REAL
"Local authorities announce new public transport services",REAL
"University opens a new computer science research laboratory",REAL
"Researchers report results from a peer reviewed medical study",REAL
"Weather department issues an official forecast for heavy rain",REAL
"Space agency successfully launches a research satellite",REAL
"Central bank publishes its official economic report",REAL
"City hospital opens a new emergency care facility",REAL
"Technology company releases an official software security update",REAL
"Election commission publishes the official voting schedule",REAL
"Government releases annual budget documents",REAL
"Scientists discover a new species during a documented research expedition",REAL
"School board announces dates for upcoming examinations",REAL
"Public health department publishes vaccination guidance",REAL
"Company announces its quarterly financial results",REAL
"Famous actor secretly arrested for owning a time machine",FAKE
"Scientists confirm that drinking water makes humans invisible",FAKE
"Government gives every citizen one million dollars tomorrow",FAKE
"Social media post claims the moon will disappear for seven days",FAKE
"Celebrity says eating only chocolate can replace all exercise",FAKE
"Internet post claims phones can charge themselves using moonlight",FAKE
"Fake report says schools will never conduct examinations again",FAKE
"Viral message claims humans can breathe underwater after drinking juice",FAKE
"Unverified post claims a city has completely banned sunlight",FAKE
"Online rumor says a smartphone can predict lottery numbers perfectly",FAKE
"Viral story claims scientists turned a houseplant into a computer",FAKE
"Social media rumor says one food permanently increases height overnight",FAKE
"Fake article claims the government has cancelled all internet services",FAKE
"Viral post claims a celebrity owns a secret country",FAKE
"Unverified message says ordinary batteries can power an entire city",FAKE
"Fake news post claims schools will replace all teachers with robots next week",FAKE
